gene.name	group	gene.regulation	value
A4GALT	EP300	up-regulated	391.74269116167
A4GALT	H3K27ac	up-regulated	350.2672028772
A4GALT	NR3C1	up-regulated	320.228875464608
AACS	EP300	up-regulated	296.628693758765
AACS	H3K27ac	up-regulated	312.365077301039
AACS	H3K4me1	up-regulated	345.133871986802
AACS	NR3C1	up-regulated	259.235015504868
ABHD2	EP300	up-regulated	326.805771371734
ABHD2	H3K27ac	up-regulated	302.343112376125
ABHD2	H3K4me1	up-regulated	266.840015823451
ABHD2	NR3C1	up-regulated	274.999353686587
ABLIM2	EP300	up-regulated	373.58965456235
ABLIM2	H3K27ac	up-regulated	359.406220457658
ABLIM2	H3K4me1	up-regulated	322.616643555463
ABLIM2	NR3C1	up-regulated	324.516746532019
ABLIM3	EP300	up-regulated	323.917268534455
ABLIM3	H3K27ac	up-regulated	281.719773990736
ABLIM3	H3K4me1	up-regulated	302.175033155844
ABLIM3	NR3C1	up-regulated	291.13766424
AC005840.3	EP300	up-regulated	365.624043317084
AC005840.3	H3K27ac	up-regulated	300.374476126207
AC005840.3	H3K4me1	up-regulated	242.190335638807
AC005840.3	NR3C1	up-regulated	312.868409168628
AC078850.1	EP300	up-regulated	368.452825189644
AC078850.1	H3K27ac	up-regulated	353.06089806642
AC078850.1	H3K4me1	up-regulated	312.398481870282
AC078850.1	NR3C1	up-regulated	319.37057178951
ACOT7	EP300	up-regulated	300.869894811951
ACOT7	H3K27ac	up-regulated	290.534413890502
ACOT7	H3K4me1	up-regulated	276.740552702766
ACOT7	NR3C1	up-regulated	246.296096297906
ACSL1	EP300	up-regulated	324.081195437266
ACSL1	H3K27ac	up-regulated	307.151275098722
ACSL1	H3K4me1	up-regulated	281.121535501118
ACSL1	NR3C1	up-regulated	266.677425424191
ACSL3	EP300	up-regulated	280.890641262672
ACSL3	H3K27ac	up-regulated	281.135318951994
ACSL3	H3K4me1	up-regulated	296.333540505103
ACSL3	NR3C1	up-regulated	210.633982296352
ACSL4	EP300	up-regulated	330.237352582156
ACSL4	H3K27ac	up-regulated	299.191857052958
ACSL4	H3K4me1	up-regulated	256.96903641311
ACSL4	NR3C1	up-regulated	273.206778667678
ACSL5	EP300	up-regulated	346.319375637916
ACSL5	H3K27ac	up-regulated	327.813168473312
ACSL5	H3K4me1	up-regulated	336.670265606281
ACSL5	NR3C1	up-regulated	285.127008247271
ADAMTS7	EP300	up-regulated	339.972332986368
ADAMTS7	H3K27ac	up-regulated	321.712210433147
ADAMTS7	H3K4me1	up-regulated	295.153098085996
ADAMTS7	NR3C1	up-regulated	288.749093446817
ADAMTSL4	EP300	up-regulated	332.116851653171
ADAMTSL4	H3K27ac	up-regulated	302.644423184369
ADAMTSL4	H3K4me1	up-regulated	270.371499425937
ADAMTSL4	NR3C1	up-regulated	279.566106656129
ADGRG2	EP300	up-regulated	359.540154557845
ADGRG2	H3K27ac	up-regulated	323.850885019628
ADGRG2	H3K4me1	up-regulated	290.746979474454
ADGRG2	NR3C1	up-regulated	289.297797548446
ADGRG6	EP300	up-regulated	345.242732595847
ADGRG6	H3K27ac	up-regulated	284.518025785411
ADGRG6	H3K4me1	up-regulated	239.011225884288
ADGRG6	NR3C1	up-regulated	281.780773848731
ADGRL1	EP300	up-regulated	381.624487231497
ADGRL1	H3K27ac	up-regulated	336.008993594576
ADGRL1	H3K4me1	up-regulated	259.692375127035
ADGRL1	NR3C1	up-regulated	289.790029756888
AFF1	EP300	up-regulated	376.285954914395
AFF1	H3K27ac	up-regulated	309.744688338509
AFF1	H3K4me1	up-regulated	282.321069463961
AFF1	NR3C1	up-regulated	301.009668775686
AGFG2	EP300	up-regulated	350.996385503836
AGFG2	H3K27ac	up-regulated	279.850500393884
AGFG2	H3K4me1	up-regulated	267.466020149033
AGFG2	NR3C1	up-regulated	283.761249695913
AKAP10	EP300	up-regulated	353.788168426099
AKAP10	H3K27ac	up-regulated	323.292868327713
AKAP10	H3K4me1	up-regulated	294.103374751119
AKAP10	NR3C1	up-regulated	283.438206012731
AKAP12	EP300	up-regulated	353.951662676437
AKAP12	H3K27ac	up-regulated	335.161579816383
AKAP12	H3K4me1	up-regulated	334.748743624219
AKAP12	NR3C1	up-regulated	308.832681457222
ALOX15B	EP300	up-regulated	327.688469423216
ALOX15B	H3K27ac	up-regulated	352.763913963795
ALOX15B	H3K4me1	up-regulated	285.117459186264
ALOX15B	NR3C1	up-regulated	291.331818515748
ALOX5AP	EP300	up-regulated	339.834434985787
ALOX5AP	H3K27ac	up-regulated	291.669310387854
ALOX5AP	H3K4me1	up-regulated	287.492555623752
ALOX5AP	NR3C1	up-regulated	269.904727716085
ANKRD2	EP300	up-regulated	301.292103702698
ANKRD2	H3K27ac	up-regulated	291.807886984127
ANKRD2	H3K4me1	up-regulated	292.143541555268
ANKRD2	NR3C1	up-regulated	241.797805796309
ANPEP	EP300	up-regulated	336.115403520085
ANPEP	H3K27ac	up-regulated	338.062823726564
ANPEP	H3K4me1	up-regulated	339.015736271738
ANPEP	NR3C1	up-regulated	287.264970830911
AOX1	EP300	up-regulated	346.455628108595
AOX1	H3K27ac	up-regulated	307.993287842291
AOX1	H3K4me1	up-regulated	297.216082902008
AOX1	NR3C1	up-regulated	280.163943173985
APOL1	EP300	up-regulated	324.65215371837
APOL1	H3K27ac	up-regulated	281.743301399458
APOL1	H3K4me1	up-regulated	295.095443471156
APOL1	NR3C1	up-regulated	238.647483683642
ARFGAP3	EP300	up-regulated	316.600651840908
ARFGAP3	H3K27ac	up-regulated	267.43447887234
ARFGAP3	H3K4me1	up-regulated	282.672236630089
ARFGAP3	NR3C1	up-regulated	258.703249434424
ASS1	EP300	up-regulated	276.030055114817
ASS1	H3K27ac	up-regulated	304.42927309587
ASS1	H3K4me1	up-regulated	296.696784895106
ASS1	NR3C1	up-regulated	237.974300274401
ATG4A	EP300	up-regulated	319.708433078906
ATG4A	H3K27ac	up-regulated	265.195775045673
ATG4A	H3K4me1	up-regulated	326.764083781284
ATG4A	NR3C1	up-regulated	236.376226678983
ATOH8	EP300	up-regulated	345.221595779353
ATOH8	H3K27ac	up-regulated	329.745392353129
ATOH8	H3K4me1	up-regulated	334.992698712933
ATOH8	NR3C1	up-regulated	303.11681862358
ATP1A1	EP300	up-regulated	313.088137381927
ATP1A1	H3K27ac	up-regulated	275.032887219217
ATP1A1	NR3C1	up-regulated	228.642241675611
ATP2B4	EP300	up-regulated	358.75762420502
ATP2B4	H3K27ac	up-regulated	298.189813657799
ATP2B4	H3K4me1	up-regulated	273.559786424346
ATP2B4	NR3C1	up-regulated	294.908910586055
B4GALT1	EP300	up-regulated	332.652920467408
B4GALT1	H3K27ac	up-regulated	283.719775755935
B4GALT1	H3K4me1	up-regulated	264.300693511471
B4GALT1	NR3C1	up-regulated	290.238186892708
B4GALT5	EP300	up-regulated	363.114294408455
B4GALT5	H3K27ac	up-regulated	299.00474661148
B4GALT5	H3K4me1	up-regulated	281.183479111353
B4GALT5	NR3C1	up-regulated	297.434367614888
BBS12	EP300	up-regulated	333.532284711569
BBS12	H3K27ac	up-regulated	321.044649568218
BBS12	H3K4me1	up-regulated	286.069894437278
BBS12	NR3C1	up-regulated	290.74643614305
BCO2	EP300	up-regulated	330.738543478328
BCO2	H3K27ac	up-regulated	278.295032762554
BCO2	H3K4me1	up-regulated	289.222488664547
BCO2	NR3C1	up-regulated	285.076847112801
BEST2	EP300	up-regulated	329.608040136171
BEST2	H3K27ac	up-regulated	306.714822384534
BEST2	H3K4me1	up-regulated	278.678465828314
BEST2	NR3C1	up-regulated	254.068185290092
BFAR	EP300	up-regulated	309.824865184765
BFAR	H3K27ac	up-regulated	304.143844203246
BFAR	H3K4me1	up-regulated	314.554568403506
BFAR	NR3C1	up-regulated	277.747488333526
BTBD11	EP300	up-regulated	322.724788120496
BTBD11	H3K27ac	up-regulated	275.735119460274
BTBD11	H3K4me1	up-regulated	282.185716698406
BTBD11	NR3C1	up-regulated	265.186427284439
C11orf80	EP300	up-regulated	381.141675428015
C11orf80	H3K27ac	up-regulated	349.881482139194
C11orf80	H3K4me1	up-regulated	280.007411263477
C11orf80	NR3C1	up-regulated	335.410513783663
C1orf21	EP300	up-regulated	402.371849996766
C1orf21	H3K27ac	up-regulated	364.069358357034
C1orf21	H3K4me1	up-regulated	341.839914958188
C1orf21	NR3C1	up-regulated	345.112429554331
C1RL	EP300	up-regulated	327.661972299644
C1RL	H3K27ac	up-regulated	295.970668774854
C1RL	H3K4me1	up-regulated	286.053860107666
C1RL	NR3C1	up-regulated	254.644190847637
C3	EP300	up-regulated	314.244446303225
C3	H3K27ac	up-regulated	278.746223431373
C3	H3K4me1	up-regulated	257.684195871652
C3	NR3C1	up-regulated	270.173473551232
C5AR1	EP300	up-regulated	326.912016884043
C5AR1	H3K27ac	up-regulated	294.763555912942
C5AR1	H3K4me1	up-regulated	273.950877768254
C5AR1	NR3C1	up-regulated	280.971820409877
CALCOCO2	EP300	up-regulated	330.731965155126
CALCOCO2	H3K27ac	up-regulated	330.543871904778
CALCOCO2	H3K4me1	up-regulated	304.509802488299
CALCOCO2	NR3C1	up-regulated	296.354162838591
CBLB	EP300	up-regulated	360.419090320956
CBLB	H3K27ac	up-regulated	308.813258531981
CBLB	H3K4me1	up-regulated	256.089619660983
CBLB	NR3C1	up-regulated	310.851908874907
CCDC80	EP300	up-regulated	336.796552714084
CCDC80	H3K27ac	up-regulated	284.24714958813
CCDC80	H3K4me1	up-regulated	278.777624234334
CCDC80	NR3C1	up-regulated	270.00000902392
CCN4	EP300	up-regulated	328.087297837235
CCN4	H3K27ac	up-regulated	289.170318861697
CCN4	H3K4me1	up-regulated	296.613369418894
CCN4	NR3C1	up-regulated	256.649151262486
CD109	EP300	up-regulated	306.621481742661
CD109	H3K27ac	up-regulated	275.38141003701
CD109	H3K4me1	up-regulated	295.285595440719
CD109	NR3C1	up-regulated	243.826198331402
CD59	EP300	up-regulated	327.233458671989
CD59	H3K27ac	up-regulated	274.441295490896
CD59	H3K4me1	up-regulated	282.345975996236
CD59	NR3C1	up-regulated	254.545633833488
CDC42BPB	EP300	up-regulated	348.765303955451
CDC42BPB	H3K27ac	up-regulated	289.998668602295
CDC42BPB	H3K4me1	up-regulated	287.552921083315
CDC42BPB	NR3C1	up-regulated	292.147561599022
CDH1	EP300	up-regulated	344.885695010267
CDH1	H3K27ac	up-regulated	357.235484381829
CDH1	NR3C1	up-regulated	304.72289647125
CDH16	EP300	up-regulated	309.907553605521
CDH16	H3K27ac	up-regulated	292.399817276179
CDH16	H3K4me1	up-regulated	305.348101071923
CDH16	NR3C1	up-regulated	241.097457490711
CEP70	EP300	up-regulated	355.354075081328
CEP70	H3K27ac	up-regulated	335.42295906716
CEP70	H3K4me1	up-regulated	305.086582740861
CEP70	NR3C1	up-regulated	300.589611793563
CHP1	EP300	up-regulated	327.443118914636
CHP1	H3K27ac	up-regulated	295.665043863174
CHP1	H3K4me1	up-regulated	282.681486609763
CHP1	NR3C1	up-regulated	249.550476076593
CIDEC	EP300	up-regulated	329.668557508497
CIDEC	H3K27ac	up-regulated	290.318568598511
CIDEC	H3K4me1	up-regulated	285.480524838746
CIDEC	NR3C1	up-regulated	285.464875445649
CLASP1	EP300	up-regulated	355.892224126361
CLASP1	H3K27ac	up-regulated	355.067560822272
CLASP1	H3K4me1	up-regulated	311.976617158173
CLASP1	NR3C1	up-regulated	314.734705936456
CLDN7	EP300	up-regulated	270.986022560839
CLDN7	H3K27ac	up-regulated	243.817197475995
CLDN7	H3K4me1	up-regulated	322.090208413336
CNST	EP300	up-regulated	365.641248948808
CNST	H3K27ac	up-regulated	355.805380465735
CNST	H3K4me1	up-regulated	289.290123054037
CNST	NR3C1	up-regulated	318.124180443828
COL4A5	EP300	up-regulated	308.475403630544
COL4A5	H3K27ac	up-regulated	284.334159964038
COL4A5	H3K4me1	up-regulated	280.309937647584
COL4A5	NR3C1	up-regulated	240.553683543067
COPS8	EP300	up-regulated	352.006949400845
COPS8	H3K27ac	up-regulated	338.149330626962
COPS8	H3K4me1	up-regulated	294.823476721241
COPS8	NR3C1	up-regulated	309.660335555608
COQ8B	EP300	up-regulated	339.855096644715
COQ8B	H3K27ac	up-regulated	285.099032979028
COQ8B	H3K4me1	up-regulated	274.282666534398
COQ8B	NR3C1	up-regulated	278.366078072101
CPB2	EP300	up-regulated	295.530612194898
CPB2	H3K27ac	up-regulated	273.843669212982
CPB2	H3K4me1	up-regulated	285.542830816002
CPB2	NR3C1	up-regulated	224.28188329266
CPS1	EP300	up-regulated	315.103692964172
CPS1	H3K27ac	up-regulated	275.605606716464
CPS1	H3K4me1	up-regulated	293.368422985701
CPS1	NR3C1	up-regulated	263.783377561125
CRYAB	EP300	up-regulated	301.619423198032
CRYAB	H3K27ac	up-regulated	267.150927299536
CRYAB	H3K4me1	up-regulated	294.975566773119
CRYAB	NR3C1	up-regulated	221.292899226684
CUX2	EP300	up-regulated	345.536917791799
CUX2	H3K27ac	up-regulated	333.341372779814
CUX2	H3K4me1	up-regulated	314.532882849363
CUX2	NR3C1	up-regulated	297.352830361736
CYB5A	EP300	up-regulated	360.841414477522
CYB5A	H3K27ac	up-regulated	291.174277507028
CYB5A	H3K4me1	up-regulated	269.205396263773
CYB5A	NR3C1	up-regulated	298.491325278141
CYP4F22	EP300	up-regulated	353.161537612673
CYP4F22	H3K27ac	up-regulated	344.887416056959
CYP4F22	NR3C1	up-regulated	305.585185391183
DHCR24	EP300	up-regulated	345.057904468323
DHCR24	H3K27ac	up-regulated	310.153471320096
DHCR24	H3K4me1	up-regulated	271.721845349573
DHCR24	NR3C1	up-regulated	284.643848825135
DNAJC15	EP300	up-regulated	354.401740474348
DNAJC15	H3K27ac	up-regulated	316.065760395167
DNAJC15	H3K4me1	up-regulated	254.285196869161
DNAJC15	NR3C1	up-regulated	294.122306063189
DOCK4	EP300	up-regulated	356.840892906731
DOCK4	H3K27ac	up-regulated	289.763272153169
DOCK4	H3K4me1	up-regulated	258.18109905243
DOCK4	NR3C1	up-regulated	300.144469185154
DOCK9	EP300	up-regulated	357.408133011217
DOCK9	H3K27ac	up-regulated	307.157691163413
DOCK9	H3K4me1	up-regulated	240.600737612451
DOCK9	NR3C1	up-regulated	291.949990681589
EDN3	EP300	up-regulated	306.726103938971
EDN3	H3K27ac	up-regulated	257.677414319915
EDN3	H3K4me1	up-regulated	275.819196502561
EDN3	NR3C1	up-regulated	236.742069432446
ELOVL5	EP300	up-regulated	290.446770950396
ELOVL5	H3K27ac	up-regulated	321.062315146257
ELOVL5	H3K4me1	up-regulated	290.597259169825
ELOVL5	NR3C1	up-regulated	220.993326013724
EMP1	EP300	up-regulated	335.297225078434
EMP1	H3K27ac	up-regulated	292.758139582068
EMP1	H3K4me1	up-regulated	282.827189469434
EMP1	NR3C1	up-regulated	261.194904645363
EMP2	EP300	up-regulated	342.184343144571
EMP2	H3K27ac	up-regulated	306.787200591626
EMP2	H3K4me1	up-regulated	295.445793763579
EMP2	NR3C1	up-regulated	294.317669796946
ENOX1	EP300	up-regulated	304.26798602758
ENOX1	H3K27ac	up-regulated	287.432774483597
ENOX1	H3K4me1	up-regulated	248.500112021874
ENOX1	NR3C1	up-regulated	207.937809228045
ERGIC1	EP300	up-regulated	339.767351441436
ERGIC1	H3K27ac	up-regulated	279.14397792083
ERGIC1	H3K4me1	up-regulated	287.209329559007
ERGIC1	NR3C1	up-regulated	292.039429989733
FAM222B	EP300	up-regulated	326.928558966438
FAM222B	H3K27ac	up-regulated	292.331435965119
FAM222B	H3K4me1	up-regulated	237.766562762365
FAM222B	NR3C1	up-regulated	283.748122635799
FAM83A	EP300	up-regulated	359.635832802241
FAM83A	H3K27ac	up-regulated	326.29647293178
FAM83A	H3K4me1	up-regulated	289.842184661632
FAM83A	NR3C1	up-regulated	300.881475628651
FARP1	EP300	up-regulated	384.254894328431
FARP1	H3K27ac	up-regulated	362.078299374524
FARP1	NR3C1	up-regulated	328.986549323155
FBLN5	EP300	up-regulated	314.362323896861
FBLN5	H3K27ac	up-regulated	329.123500657892
FBLN5	NR3C1	up-regulated	283.134055135731
FGA	EP300	up-regulated	378.306206624465
FGA	H3K27ac	up-regulated	301.605086275028
FGA	H3K4me1	up-regulated	253.388928901497
FGA	NR3C1	up-regulated	317.568862083222
FGB	EP300	up-regulated	357.206641164737
FGB	H3K27ac	up-regulated	305.554267917906
FGB	H3K4me1	up-regulated	296.981102627294
FGB	NR3C1	up-regulated	304.678672219046
FKBP5	EP300	up-regulated	278.808482016035
FKBP5	H3K27ac	up-regulated	296.452554190586
FKBP5	NR3C1	up-regulated	217.540482294214
FRZB	EP300	up-regulated	361.715323934409
FRZB	H3K27ac	up-regulated	335.490246938924
FRZB	H3K4me1	up-regulated	279.53720571376
FRZB	NR3C1	up-regulated	313.75096992008
GGT5	EP300	up-regulated	322.645895073548
GGT5	H3K27ac	up-regulated	269.431532459045
GGT5	H3K4me1	up-regulated	288.865466583402
GGT5	NR3C1	up-regulated	272.953076264707
GLUD1	EP300	up-regulated	373.218142567897
GLUD1	H3K27ac	up-regulated	354.570535696297
GLUD1	H3K4me1	up-regulated	335.743755117231
GLUD1	NR3C1	up-regulated	327.687471248725
GOLPH3	EP300	up-regulated	359.393390229899
GOLPH3	H3K27ac	up-regulated	311.500058818663
GOLPH3	H3K4me1	up-regulated	288.234714013003
GOLPH3	NR3C1	up-regulated	293.86732264709
GPD1L	H3K27ac	up-regulated	272.161617280484
GPD1L	H3K4me1	up-regulated	310.411096622608
GSAP	EP300	up-regulated	325.495031161322
GSAP	H3K27ac	up-regulated	284.503207686569
GSAP	H3K4me1	up-regulated	284.113827809074
GSAP	NR3C1	up-regulated	264.463855002312
GSDME	EP300	up-regulated	331.190477668616
GSDME	H3K27ac	up-regulated	278.843526268794
GSDME	H3K4me1	up-regulated	297.903840233147
GSDME	NR3C1	up-regulated	262.139956790402
HECW2	EP300	up-regulated	331.720405475378
HECW2	H3K27ac	up-regulated	305.789081292626
HECW2	H3K4me1	up-regulated	293.333665239252
HECW2	NR3C1	up-regulated	287.88410490826
HERC3	EP300	up-regulated	346.938916038394
HERC3	H3K27ac	up-regulated	304.144907647081
HERC3	H3K4me1	up-regulated	288.153428508005
HERC3	NR3C1	up-regulated	280.503660550514
HGD	EP300	up-regulated	295.304559320779
HGD	H3K27ac	up-regulated	277.211656456581
HGD	H3K4me1	up-regulated	295.423675891382
HGD	NR3C1	up-regulated	228.278086006195
HLF	EP300	up-regulated	367.517926255261
HLF	H3K27ac	up-regulated	317.755974575267
HLF	H3K4me1	up-regulated	248.743841731292
HLF	NR3C1	up-regulated	324.388416371179
HPCAL1	EP300	up-regulated	333.200748342584
HPCAL1	H3K27ac	up-regulated	309.632256497092
HPCAL1	H3K4me1	up-regulated	296.173106882651
HPCAL1	NR3C1	up-regulated	297.888647998699
HPGD	EP300	up-regulated	320.760843000926
HPGD	H3K27ac	up-regulated	275.122294525657
HPGD	H3K4me1	up-regulated	292.821594553407
HPGD	NR3C1	up-regulated	264.569354194004
HSD11B1	EP300	up-regulated	343.799569284272
HSD11B1	H3K27ac	up-regulated	300.422785749912
HSD11B1	H3K4me1	up-regulated	286.477052374655
HSD11B1	NR3C1	up-regulated	250.703380908777
HSD17B4	EP300	up-regulated	313.000516146497
HSD17B4	H3K27ac	up-regulated	347.219517978886
HSD17B4	H3K4me1	up-regulated	342.209914310174
HSD17B4	NR3C1	up-regulated	266.211721097499
IFIT1	EP300	up-regulated	345.882798080547
IFIT1	H3K27ac	up-regulated	307.651572592002
IFIT1	H3K4me1	up-regulated	288.670254131326
IFIT1	NR3C1	up-regulated	287.317115565176
IFNGR1	EP300	up-regulated	309.273286953762
IFNGR1	H3K27ac	up-regulated	286.001106899015
IFNGR1	H3K4me1	up-regulated	263.808588438864
IFNGR1	NR3C1	up-regulated	247.553617010073
IL17RC	EP300	up-regulated	330.813368246216
IL17RC	H3K27ac	up-regulated	322.243822426074
IL17RC	H3K4me1	up-regulated	308.806538216278
IL17RC	NR3C1	up-regulated	283.588577148644
IL1R1	EP300	up-regulated	322.931472244138
IL1R1	H3K27ac	up-regulated	309.23079881422
IL1R1	H3K4me1	up-regulated	308.509048905631
IL1R1	NR3C1	up-regulated	264.176489305823
IQCN	H3K27ac	up-regulated	277.713240534641
IQCN	H3K4me1	up-regulated	305.117605175775
IQCN	NR3C1	up-regulated	208.648448283435
IQGAP1	EP300	up-regulated	268.854505690119
IQGAP1	H3K27ac	up-regulated	260.501834204318
IQGAP1	H3K4me1	up-regulated	242.649749056738
IQGAP1	NR3C1	up-regulated	213.474285904
IQGAP2	EP300	up-regulated	351.757956118066
IQGAP2	H3K27ac	up-regulated	315.961991227848
IQGAP2	H3K4me1	up-regulated	285.557909945068
IQGAP2	NR3C1	up-regulated	274.179119230059
ITGB4	EP300	up-regulated	337.386902619786
ITGB4	H3K27ac	up-regulated	301.61978846554
ITGB4	H3K4me1	up-regulated	293.390661169281
ITGB4	NR3C1	up-regulated	285.960008715951
JAK1	EP300	up-regulated	293.908560031477
JAK1	H3K27ac	up-regulated	278.568660676476
JAK1	H3K4me1	up-regulated	290.135560390682
JAK1	NR3C1	up-regulated	233.15466658627
KANK2	EP300	up-regulated	354.290164350292
KANK2	H3K27ac	up-regulated	302.53150267161
KANK2	H3K4me1	up-regulated	251.110760868498
KANK2	NR3C1	up-regulated	264.847337947818
KCNB1	EP300	up-regulated	313.681310667991
KCNB1	H3K27ac	up-regulated	314.017498248571
KCNB1	H3K4me1	up-regulated	302.57243536487
KCNB1	NR3C1	up-regulated	235.730027245251
KIAA1191	EP300	up-regulated	342.119751355417
KIAA1191	H3K27ac	up-regulated	339.595054575469
KIAA1191	NR3C1	up-regulated	311.669669966591
KLF9	EP300	up-regulated	335.084376125734
KLF9	H3K27ac	up-regulated	281.659810015951
KLF9	H3K4me1	up-regulated	323.162121402793
KLF9	NR3C1	up-regulated	272.32069800515
KLHDC4	EP300	up-regulated	321.601500196278
KLHDC4	H3K27ac	up-regulated	281.44349105712
KLHDC4	H3K4me1	up-regulated	293.228711657156
KLHDC4	NR3C1	up-regulated	278.826134014699
KRT18	EP300	up-regulated	324.690085014941
KRT18	H3K27ac	up-regulated	286.017606092016
KRT18	H3K4me1	up-regulated	294.75464562345
KRT18	NR3C1	up-regulated	251.655118008307
KYAT1	EP300	up-regulated	309.824140129328
KYAT1	H3K27ac	up-regulated	263.514236408406
KYAT1	H3K4me1	up-regulated	279.28161117133
KYAT1	NR3C1	up-regulated	239.507169664758
LAMA3	EP300	up-regulated	316.892072589495
LAMA3	H3K27ac	up-regulated	317.312795028352
LAMA3	H3K4me1	up-regulated	302.224852245204
LAMA3	NR3C1	up-regulated	268.568010727236
LEPROT	EP300	up-regulated	354.62650455421
LEPROT	H3K27ac	up-regulated	312.027742825884
LEPROT	H3K4me1	up-regulated	289.461538181766
LEPROT	NR3C1	up-regulated	306.201694089364
LINC00886	EP300	up-regulated	327.219941654538
LINC00886	H3K27ac	up-regulated	304.858931812396
LINC00886	H3K4me1	up-regulated	345.104292144504
LINC00886	NR3C1	up-regulated	283.463897706577
LONP2	EP300	up-regulated	296.676104304224
LONP2	H3K27ac	up-regulated	277.721509034426
LONP2	H3K4me1	up-regulated	295.409174527078
LONP2	NR3C1	up-regulated	228.433729016004
LOX	EP300	up-regulated	357.039928315001
LOX	H3K27ac	up-regulated	293.181937181944
LOX	H3K4me1	up-regulated	269.811712550857
LOX	NR3C1	up-regulated	272.982340259964
LYRM1	EP300	up-regulated	340.576921539988
LYRM1	H3K27ac	up-regulated	315.349800108464
LYRM1	H3K4me1	up-regulated	277.662690247293
LYRM1	NR3C1	up-regulated	299.810527724562
MANBA	EP300	up-regulated	310.672843644273
MANBA	H3K27ac	up-regulated	302.26776171211
MANBA	H3K4me1	up-regulated	290.48631937105
MANBA	NR3C1	up-regulated	261.90584921745
MAOA	EP300	up-regulated	379.319008941114
MAOA	H3K27ac	up-regulated	343.479424457808
MAOA	H3K4me1	up-regulated	301.42766670735
MAOA	NR3C1	up-regulated	347.043451298912
MAP2	EP300	up-regulated	322.255497282466
MAP2	H3K27ac	up-regulated	297.296886690826
MAP2	H3K4me1	up-regulated	298.557165502902
MAP2	NR3C1	up-regulated	263.724327977478
MARVELD1	EP300	up-regulated	368.579440096965
MARVELD1	H3K27ac	up-regulated	340.909071715672
MARVELD1	H3K4me1	up-regulated	251.939817377215
MARVELD1	NR3C1	up-regulated	330.451015582482
MIR3936HG	EP300	up-regulated	319.490434201413
MIR3936HG	H3K27ac	up-regulated	286.495043880814
MIR3936HG	H3K4me1	up-regulated	281.042056024391
MIR3936HG	NR3C1	up-regulated	254.941853785402
MLKL	EP300	up-regulated	310.227204796248
MLKL	H3K27ac	up-regulated	300.620046363426
MLKL	H3K4me1	up-regulated	323.237045563763
MLKL	NR3C1	up-regulated	237.195429772569
MLXIP	EP300	up-regulated	310.717439646884
MLXIP	H3K27ac	up-regulated	312.1246472207
MLXIP	H3K4me1	up-regulated	291.006578583082
MLXIP	NR3C1	up-regulated	259.018667447872
MMD	EP300	up-regulated	333.848079089571
MMD	H3K27ac	up-regulated	293.694494559886
MMD	H3K4me1	up-regulated	289.205731604476
MMD	NR3C1	up-regulated	281.878303892909
MMP28	EP300	up-regulated	298.060048547998
MMP28	H3K27ac	up-regulated	285.740503609053
MMP28	H3K4me1	up-regulated	327.817547780805
MMP28	NR3C1	up-regulated	244.404431047443
MRO	EP300	up-regulated	316.197428617811
MRO	H3K27ac	up-regulated	274.728363019848
MRO	H3K4me1	up-regulated	318.928908353244
MRO	NR3C1	up-regulated	264.472970148583
MROH1	EP300	up-regulated	299.246866313032
MROH1	H3K27ac	up-regulated	302.772012788302
MROH1	H3K4me1	up-regulated	281.690442115962
MROH1	NR3C1	up-regulated	251.042828795267
MSI2	EP300	up-regulated	317.38714016669
MSI2	H3K27ac	up-regulated	301.565834006154
MSI2	H3K4me1	up-regulated	323.262915320767
MSI2	NR3C1	up-regulated	281.537643520334
MT1X	EP300	up-regulated	334.921866932207
MT1X	H3K27ac	up-regulated	283.326472112205
MT1X	H3K4me1	up-regulated	264.930602929642
MT1X	NR3C1	up-regulated	289.636967672258
MUC3A	EP300	up-regulated	345.087878300632
MUC3A	H3K27ac	up-regulated	305.257643969229
MUC3A	H3K4me1	up-regulated	297.769215926349
MUC3A	NR3C1	up-regulated	278.747408147101
NABP1	EP300	up-regulated	313.009783647174
NABP1	H3K27ac	up-regulated	276.715508594704
NABP1	H3K4me1	up-regulated	277.355545753664
NABP1	NR3C1	up-regulated	243.773377289256
NBEAL2	EP300	up-regulated	342.267137788126
NBEAL2	H3K27ac	up-regulated	294.196575645099
NBEAL2	H3K4me1	up-regulated	270.805340177743
NBEAL2	NR3C1	up-regulated	268.614380425125
NBL1	EP300	up-regulated	304.86950413769
NBL1	H3K27ac	up-regulated	291.395810954651
NBL1	H3K4me1	up-regulated	287.979886281644
NBL1	NR3C1	up-regulated	229.716572984037
NEBL	EP300	up-regulated	299.607725442779
NEBL	H3K27ac	up-regulated	280.988698299255
NEBL	H3K4me1	up-regulated	301.826438442759
NEBL	NR3C1	up-regulated	228.240333588354
NFIC	EP300	up-regulated	361.411125915638
NFIC	H3K27ac	up-regulated	284.017507160169
NFIC	H3K4me1	up-regulated	270.131989368957
NFIC	NR3C1	up-regulated	299.881833901292
NNMT	EP300	up-regulated	366.261906432977
NNMT	H3K27ac	up-regulated	349.36448519015
NNMT	H3K4me1	up-regulated	341.61009750183
NNMT	NR3C1	up-regulated	326.917669890548
NPC1	EP300	up-regulated	305.14175681903
NPC1	H3K27ac	up-regulated	268.114959354897
NPC1	H3K4me1	up-regulated	293.92415201475
NPC1	NR3C1	up-regulated	238.470428502325
NRCAM	EP300	up-regulated	276.222855902826
NRCAM	H3K27ac	up-regulated	253.012430789751
NRCAM	H3K4me1	up-regulated	279.610500972255
NRCAM	NR3C1	up-regulated	202.591572174907
OLAH	EP300	up-regulated	273.869340368799
OLAH	H3K27ac	up-regulated	270.597132111306
OLAH	H3K4me1	up-regulated	299.602116018356
OLAH	NR3C1	up-regulated	222.250933471863
OPA3	EP300	up-regulated	319.902684478666
OPA3	H3K27ac	up-regulated	290.153958095498
OPA3	H3K4me1	up-regulated	270.256980667177
OPA3	NR3C1	up-regulated	238.762976996502
OPN3	EP300	up-regulated	327.636762902464
OPN3	H3K27ac	up-regulated	280.727594881523
OPN3	H3K4me1	up-regulated	266.825901463429
OPN3	NR3C1	up-regulated	284.339341422192
OTULINL	EP300	up-regulated	363.984962957359
OTULINL	H3K27ac	up-regulated	359.900563302749
OTULINL	H3K4me1	up-regulated	298.734577521761
OTULINL	NR3C1	up-regulated	319.3980298313
P3H2	EP300	up-regulated	331.04557438295
P3H2	H3K27ac	up-regulated	313.056035065968
P3H2	H3K4me1	up-regulated	295.751776976848
P3H2	NR3C1	up-regulated	253.010266143196
PCSK6	EP300	up-regulated	327.174701326221
PCSK6	H3K27ac	up-regulated	277.698144882514
PCSK6	H3K4me1	up-regulated	296.380074135
PCSK6	NR3C1	up-regulated	253.017420741578
PDE6A	EP300	up-regulated	331.155706604336
PDE6A	H3K27ac	up-regulated	343.002547931797
PDE6A	H3K4me1	up-regulated	334.21700166271
PDE6A	NR3C1	up-regulated	281.50820128871
PDLIM1	EP300	up-regulated	321.387799460078
PDLIM1	H3K27ac	up-regulated	282.190679970035
PDLIM1	H3K4me1	up-regulated	295.423641045525
PDLIM1	NR3C1	up-regulated	239.456206950058
PEX11B	EP300	up-regulated	300.320337487967
PEX11B	H3K27ac	up-regulated	280.012987911605
PEX11B	H3K4me1	up-regulated	315.053950686814
PEX11B	NR3C1	up-regulated	264.824482457019
PHF20L1	EP300	up-regulated	261.632879781899
PHF20L1	H3K27ac	up-regulated	268.521809205032
PHF20L1	H3K4me1	up-regulated	287.616825527437
PHF20L1	NR3C1	up-regulated	229.355744835714
PHKA1	EP300	up-regulated	310.388522166316
PHKA1	H3K27ac	up-regulated	276.123642990094
PHKA1	H3K4me1	up-regulated	305.508738585181
PHKA1	NR3C1	up-regulated	267.354417787544
PHLDB2	EP300	up-regulated	376.63209827358
PHLDB2	H3K27ac	up-regulated	285.3949366666
PHLDB2	H3K4me1	up-regulated	251.903521061624
PHLDB2	NR3C1	up-regulated	309.687883218923
PIK3C2B	EP300	up-regulated	308.605975846266
PIK3C2B	H3K27ac	up-regulated	286.600399658438
PIK3C2B	H3K4me1	up-regulated	310.256983798254
PIK3C2B	NR3C1	up-regulated	241.732888014157
PITPNC1	EP300	up-regulated	320.643914954985
PITPNC1	H3K27ac	up-regulated	286.296369640362
PITPNC1	H3K4me1	up-regulated	287.244390273415
PITPNC1	NR3C1	up-regulated	262.946403883814
PITPNM2	EP300	up-regulated	350.29871510763
PITPNM2	H3K27ac	up-regulated	315.394762776293
PITPNM2	H3K4me1	up-regulated	286.040327528498
PITPNM2	NR3C1	up-regulated	267.919797467905
PITPNM3	EP300	up-regulated	320.269105762083
PITPNM3	H3K27ac	up-regulated	281.330289164826
PITPNM3	H3K4me1	up-regulated	254.552973948999
PITPNM3	NR3C1	up-regulated	273.47730669588
PKP2	EP300	up-regulated	333.847670877532
PKP2	H3K27ac	up-regulated	307.828536658128
PKP2	H3K4me1	up-regulated	304.052511809615
PKP2	NR3C1	up-regulated	297.904311694481
PLD5	EP300	up-regulated	325.438288857519
PLD5	H3K27ac	up-regulated	323.590299164673
PLD5	H3K4me1	up-regulated	304.129717418736
PLD5	NR3C1	up-regulated	266.269981670557
PLPP1	EP300	up-regulated	349.396878685701
PLPP1	H3K27ac	up-regulated	282.736477617846
PLPP1	H3K4me1	up-regulated	270.804492556176
PLPP1	NR3C1	up-regulated	274.772957619752
PNPO	EP300	up-regulated	364.58832927692
PNPO	H3K27ac	up-regulated	328.255362516009
PNPO	H3K4me1	up-regulated	302.305155082631
PNPO	NR3C1	up-regulated	300.390928563751
PNRC1	EP300	up-regulated	345.927708894329
PNRC1	H3K27ac	up-regulated	267.610261725645
PNRC1	H3K4me1	up-regulated	257.268549757274
PNRC1	NR3C1	up-regulated	291.21077185931
PON2	EP300	up-regulated	339.908032713219
PON2	H3K27ac	up-regulated	341.415518989405
PON2	NR3C1	up-regulated	289.975393455199
PPA1	EP300	up-regulated	296.363639019367
PPA1	H3K27ac	up-regulated	313.027658241404
PPA1	H3K4me1	up-regulated	270.195534565975
PPA1	NR3C1	up-regulated	242.879632258419
PPP1R3C	EP300	up-regulated	371.389815359279
PPP1R3C	H3K27ac	up-regulated	336.463058189215
PPP1R3C	H3K4me1	up-regulated	281.974805910883
PPP1R3C	NR3C1	up-regulated	315.327013677978
PRDX6	EP300	up-regulated	373.829083011802
PRDX6	H3K4me1	up-regulated	344.869028548091
PRDX6	NR3C1	up-regulated	348.376598648587
PRKAG2	EP300	up-regulated	342.485209328943
PRKAG2	H3K27ac	up-regulated	318.083479474099
PRKAG2	H3K4me1	up-regulated	288.634271294401
PRKAG2	NR3C1	up-regulated	293.111276078998
PROCR	EP300	up-regulated	332.350664032269
PROCR	H3K27ac	up-regulated	291.197691654887
PROCR	H3K4me1	up-regulated	297.789828669154
PROCR	NR3C1	up-regulated	266.167667089284
PTK2	EP300	up-regulated	338.829623220679
PTK2	H3K27ac	up-regulated	310.731918599593
PTK2	H3K4me1	up-regulated	284.100655918414
PTK2	NR3C1	up-regulated	291.991607515439
PTK2B	EP300	up-regulated	333.618235120982
PTK2B	H3K27ac	up-regulated	303.538116546044
PTK2B	H3K4me1	up-regulated	275.206611027881
PTK2B	NR3C1	up-regulated	250.851582106925
PTK6	EP300	up-regulated	319.581601271781
PTK6	H3K27ac	up-regulated	293.696362507029
PTK6	H3K4me1	up-regulated	316.685313899075
PTK6	NR3C1	up-regulated	235.114641861678
PTPN12	EP300	up-regulated	325.916524917021
PTPN12	H3K27ac	up-regulated	283.310550393969
PTPN12	H3K4me1	up-regulated	279.999243712729
PTPN12	NR3C1	up-regulated	276.603272598948
PTPRM	EP300	up-regulated	269.761506341427
PTPRM	H3K27ac	up-regulated	264.192525044089
PTPRM	H3K4me1	up-regulated	274.627735317925
PTPRM	NR3C1	up-regulated	209.378516635549
PXN	EP300	up-regulated	344.941956879437
PXN	H3K27ac	up-regulated	305.877648433681
PXN	H3K4me1	up-regulated	265.304509140013
PXN	NR3C1	up-regulated	292.369718747256
RALGAPB	EP300	up-regulated	389.232696370628
RALGAPB	H3K4me1	up-regulated	343.888916345718
RCL1	EP300	up-regulated	366.934913166706
RCL1	H3K27ac	up-regulated	367.234120724505
RCL1	H3K4me1	up-regulated	330.912185581156
RCL1	NR3C1	up-regulated	304.562261688416
ROCK1	EP300	up-regulated	347.488311243035
ROCK1	H3K27ac	up-regulated	295.150945383644
ROCK1	H3K4me1	up-regulated	283.08286311111
ROCK1	NR3C1	up-regulated	289.004505267797
S100P	EP300	up-regulated	315.534967902878
S100P	H3K27ac	up-regulated	320.099424388043
S100P	H3K4me1	up-regulated	292.574956236497
S100P	NR3C1	up-regulated	269.645424034441
SCARA5	EP300	up-regulated	365.837047726446
SCARA5	H3K27ac	up-regulated	338.242756826415
SCARA5	H3K4me1	up-regulated	311.908556337178
SCARA5	NR3C1	up-regulated	296.251724072185
SCMH1	EP300	up-regulated	345.431787582688
SCMH1	H3K27ac	up-regulated	283.959149258536
SCMH1	H3K4me1	up-regulated	288.824271075308
SCMH1	NR3C1	up-regulated	261.944867667279
SCNN1A	EP300	up-regulated	271.737131838194
SCNN1A	H3K27ac	up-regulated	282.823943203462
SCNN1A	H3K4me1	up-regulated	280.189220494841
SCNN1A	NR3C1	up-regulated	210.405838252502
SCNN1B	EP300	up-regulated	379.374354999069
SCNN1B	H3K27ac	up-regulated	373.400683366037
SCNN1B	NR3C1	up-regulated	347.950420334767
SDK1	EP300	up-regulated	285.131449285434
SDK1	H3K27ac	up-regulated	297.048869898951
SDK1	H3K4me1	up-regulated	332.64907914963
SDK1	NR3C1	up-regulated	253.852103607873
SDS	EP300	up-regulated	364.137568809548
SDS	H3K27ac	up-regulated	311.677008532121
SDS	H3K4me1	up-regulated	309.622537467147
SDS	NR3C1	up-regulated	273.674565984365
SERPINA3	EP300	up-regulated	341.010629205747
SERPINA3	H3K27ac	up-regulated	286.089108503817
SERPINA3	H3K4me1	up-regulated	287.235237014012
SERPINA3	NR3C1	up-regulated	295.339951021406
SGPP2	EP300	up-regulated	384.600540983479
SGPP2	H3K27ac	up-regulated	356.693503274035
SGPP2	H3K4me1	up-regulated	331.431643862549
SGPP2	NR3C1	up-regulated	309.611942502974
SHC1	EP300	up-regulated	311.908369770421
SHC1	H3K27ac	up-regulated	286.81616436357
SHC1	H3K4me1	up-regulated	284.773562625764
SHC1	NR3C1	up-regulated	270.174498956756
SHROOM3	EP300	up-regulated	371.058268755711
SHROOM3	H3K27ac	up-regulated	313.017800847462
SHROOM3	H3K4me1	up-regulated	256.243558549454
SHROOM3	NR3C1	up-regulated	294.045007366463
SLC2A14	EP300	up-regulated	273.367700424782
SLC2A14	H3K27ac	up-regulated	274.28693453979
SLC2A14	NR3C1	up-regulated	228.947611932722
SLC45A1	EP300	up-regulated	335.226462729695
SLC45A1	H3K27ac	up-regulated	294.250849466967
SLC45A1	H3K4me1	up-regulated	269.634462241308
SLC45A1	NR3C1	up-regulated	279.192424926509
SLC45A4	EP300	up-regulated	339.507064149794
SLC45A4	H3K27ac	up-regulated	280.950100319249
SLC45A4	H3K4me1	up-regulated	294.942631557804
SLC45A4	NR3C1	up-regulated	289.851396996947
SLC7A7	EP300	up-regulated	330.325889141528
SLC7A7	H3K27ac	up-regulated	309.503645455593
SLC7A7	H3K4me1	up-regulated	314.701088686643
SLC7A7	NR3C1	up-regulated	265.090873607395
SLC7A8	EP300	up-regulated	344.462381704165
SLC7A8	H3K27ac	up-regulated	335.799929018093
SLC7A8	H3K4me1	up-regulated	275.836507422618
SLC7A8	NR3C1	up-regulated	289.148153540491
SOCS3	EP300	up-regulated	350.502735344823
SOCS3	H3K27ac	up-regulated	293.700743004787
SOCS3	H3K4me1	up-regulated	261.930354767192
SOCS3	NR3C1	up-regulated	306.389384285969
SPOP	EP300	up-regulated	314.868528040758
SPOP	H3K27ac	up-regulated	313.556656078236
SPOP	H3K4me1	up-regulated	283.630861086804
SPOP	NR3C1	up-regulated	263.729297700848
SPX	EP300	up-regulated	321.212768528929
SPX	H3K27ac	up-regulated	285.702059046044
SPX	H3K4me1	up-regulated	284.699227827087
SPX	NR3C1	up-regulated	261.245673642946
SRGN	EP300	up-regulated	332.963028921853
SRGN	H3K27ac	up-regulated	304.943038848629
SRGN	H3K4me1	up-regulated	297.06578887808
SRGN	NR3C1	up-regulated	264.009319545164
SRSF10	EP300	up-regulated	364.347959406289
SRSF10	H3K27ac	up-regulated	326.003318438208
SRSF10	H3K4me1	up-regulated	290.029685346826
SRSF10	NR3C1	up-regulated	297.348448280389
SSBP2	EP300	up-regulated	309.214660286527
SSBP2	H3K27ac	up-regulated	285.71566174118
SSBP2	H3K4me1	up-regulated	271.080661440129
SSBP2	NR3C1	up-regulated	255.80114743512
STAT1	EP300	up-regulated	337.809916868813
STAT1	H3K27ac	up-regulated	283.990391004089
STAT1	H3K4me1	up-regulated	262.487412212382
STAT1	NR3C1	up-regulated	271.218559920175
STAT4	EP300	up-regulated	341.756021709279
STAT4	H3K27ac	up-regulated	258.121864999589
STAT4	H3K4me1	up-regulated	257.668162820099
STAT4	NR3C1	up-regulated	274.040911958102
STOM	EP300	up-regulated	332.856341563767
STOM	H3K27ac	up-regulated	286.298043843555
STOM	H3K4me1	up-regulated	270.357167058711
STOM	NR3C1	up-regulated	270.757156905025
STRA6	EP300	up-regulated	351.813360064669
STRA6	H3K27ac	up-regulated	320.158619923417
STRA6	H3K4me1	up-regulated	262.106035502187
STRA6	NR3C1	up-regulated	273.838220803885
STXBP5	EP300	up-regulated	346.717562582878
STXBP5	H3K27ac	up-regulated	307.483817345309
STXBP5	H3K4me1	up-regulated	294.856242800377
STXBP5	NR3C1	up-regulated	284.273417647926
TBC1D2B	EP300	up-regulated	373.856421674442
TBC1D2B	H3K27ac	up-regulated	338.166817962951
TBC1D2B	H3K4me1	up-regulated	289.621569370283
TBC1D2B	NR3C1	up-regulated	328.978621152741
TEF	EP300	up-regulated	282.584389590222
TEF	H3K27ac	up-regulated	315.726921825324
TEF	NR3C1	up-regulated	242.52057612004
TGM2	EP300	up-regulated	369.465743612742
TGM2	H3K27ac	up-regulated	331.717430303163
TGM2	H3K4me1	up-regulated	274.580860391302
TGM2	NR3C1	up-regulated	319.982336493517
THOC2	EP300	up-regulated	302.425417894458
THOC2	H3K27ac	up-regulated	272.715128415173
THOC2	H3K4me1	up-regulated	293.863859787633
THOC2	NR3C1	up-regulated	242.390288277991
TMEM150A	EP300	up-regulated	323.775563336979
TMEM150A	H3K27ac	up-regulated	332.901745975637
TMEM150A	H3K4me1	up-regulated	306.188832420205
TMEM150A	NR3C1	up-regulated	277.74572787231
TMEM164	EP300	up-regulated	338.441906677785
TMEM164	H3K27ac	up-regulated	284.20882264105
TMEM164	H3K4me1	up-regulated	263.442432619185
TMEM164	NR3C1	up-regulated	265.752461374992
TMEM245	EP300	up-regulated	327.065301046309
TMEM245	H3K27ac	up-regulated	297.341007047123
TMEM245	H3K4me1	up-regulated	267.657800375551
TMEM245	NR3C1	up-regulated	268.201526909163
TNS2	EP300	up-regulated	343.539952725601
TNS2	H3K27ac	up-regulated	289.725083692111
TNS2	H3K4me1	up-regulated	267.025102476806
TNS2	NR3C1	up-regulated	268.334996067111
TNS4	EP300	up-regulated	329.614699778283
TNS4	H3K27ac	up-regulated	295.916618729192
TNS4	H3K4me1	up-regulated	271.075866274466
TNS4	NR3C1	up-regulated	284.383335338036
TRAM2	EP300	up-regulated	361.353171572807
TRAM2	H3K27ac	up-regulated	338.710785642097
TRAM2	H3K4me1	up-regulated	297.53349512458
TRAM2	NR3C1	up-regulated	290.002224435469
TRIM29	EP300	up-regulated	330.472271464591
TRIM29	H3K27ac	up-regulated	321.902206200431
TRIM29	H3K4me1	up-regulated	295.838350379169
TRIM29	NR3C1	up-regulated	265.20694962695
TRMT61B	EP300	up-regulated	354.439886607769
TRMT61B	H3K27ac	up-regulated	314.797788573564
TRMT61B	H3K4me1	up-regulated	272.574083478059
TRMT61B	NR3C1	up-regulated	305.530982020962
TRNP1	EP300	up-regulated	290.241053970626
TRNP1	H3K27ac	up-regulated	275.051283466941
TRNP1	H3K4me1	up-regulated	271.517628875967
TRNP1	NR3C1	up-regulated	228.791546250775
TTC7A	EP300	up-regulated	322.671092663774
TTC7A	H3K27ac	up-regulated	279.384623134158
TTC7A	H3K4me1	up-regulated	284.265983809639
TTC7A	NR3C1	up-regulated	272.506390165804
TTPAL	EP300	up-regulated	371.751440518356
TTPAL	H3K27ac	up-regulated	346.664498285261
TTPAL	H3K4me1	up-regulated	342.915261920188
TTPAL	NR3C1	up-regulated	329.019463688059
UBAP1	EP300	up-regulated	352.464590167159
UBAP1	H3K27ac	up-regulated	298.858538499736
UBAP1	H3K4me1	up-regulated	268.881922364572
UBAP1	NR3C1	up-regulated	278.80872945108
UBE2E2	EP300	up-regulated	292.368558802844
UBE2E2	H3K27ac	up-regulated	290.0839051605
UBE2E2	H3K4me1	up-regulated	338.90248150774
UBE2E2	NR3C1	up-regulated	229.865895680091
UQCC1	EP300	up-regulated	338.704493849642
UQCC1	H3K27ac	up-regulated	314.75858176435
UQCC1	H3K4me1	up-regulated	285.132847802645
UQCC1	NR3C1	up-regulated	267.478239793166
VCL	EP300	up-regulated	306.908851684707
VCL	H3K27ac	up-regulated	280.076345430464
VCL	H3K4me1	up-regulated	277.35794644208
VCL	NR3C1	up-regulated	254.882709277251
VSIR	EP300	up-regulated	327.113224847872
VSIR	H3K27ac	up-regulated	288.100520464609
VSIR	H3K4me1	up-regulated	284.063646046506
VSIR	NR3C1	up-regulated	292.214894335681
VSTM2L	EP300	up-regulated	292.468971690358
VSTM2L	H3K27ac	up-regulated	273.453085018728
VSTM2L	H3K4me1	up-regulated	291.569345074205
VSTM2L	NR3C1	up-regulated	218.281169714767
WIPI1	EP300	up-regulated	327.159266538104
WIPI1	H3K27ac	up-regulated	298.970840489505
WIPI1	H3K4me1	up-regulated	282.479085037577
WIPI1	NR3C1	up-regulated	286.657064019692
ZBTB16	EP300	up-regulated	385.647009717008
ZBTB16	H3K27ac	up-regulated	369.454956249605
ZBTB16	NR3C1	up-regulated	347.923774238329
ZHX3	EP300	up-regulated	389.774592728086
ZHX3	H3K27ac	up-regulated	337.929155545887
ZHX3	H3K4me1	up-regulated	318.396302062355
ZHX3	NR3C1	up-regulated	338.590204991687
ZNFX1	EP300	up-regulated	325.362138143232
ZNFX1	H3K27ac	up-regulated	300.757845948323
ZNFX1	H3K4me1	up-regulated	279.689659869178
ZNFX1	NR3C1	up-regulated	246.068289978947
A4GALT	expression	up-regulated	355.185747454444
AACS	expression	up-regulated	349.624446964021
ABHD2	expression	up-regulated	255.196940926352
ABLIM2	expression	up-regulated	304.638256358263
ABLIM3	expression	up-regulated	272.261951210965
AC005840.3	expression	up-regulated	361.992355465107
AC078850.1	expression	up-regulated	344.716907639687
AC239800.2	expression	up-regulated	404.156434806901
ACOT7	expression	up-regulated	341.091326397092
ACSL1	expression	up-regulated	325.390672438494
ACSL3	expression	up-regulated	243.365866460824
ACSL4	expression	up-regulated	364.197898580966
ACSL5	expression	up-regulated	413.798702542151
ADAMTS7	expression	up-regulated	255.588058217419
ADAMTSL4	expression	up-regulated	363.452716953525
ADGRG2	expression	up-regulated	365.014172364278
ADGRG6	expression	up-regulated	347.416590057452
ADGRL1	expression	up-regulated	346.545745318753
AFF1	expression	up-regulated	343.07716806443
AGFG2	expression	up-regulated	340.854970746423
AKAP10	expression	up-regulated	336.483041764049
AKAP12	expression	up-regulated	256.040900452707
ALOX15B	expression	up-regulated	367.314073787872
ALOX5AP	expression	up-regulated	322.338853335047
ANKRD2	expression	up-regulated	300.622151735852
ANPEP	expression	up-regulated	320.701367928422
AOX1	expression	up-regulated	373.730174142601
APOL1	expression	up-regulated	310.921621132578
ARFGAP3	expression	up-regulated	311.129775754482
ASS1	expression	up-regulated	369.394628233649
ATG4A	expression	up-regulated	369.101873572078
ATOH8	expression	up-regulated	295.948510930853
ATP1A1	expression	up-regulated	292.437082045046
ATP2B4	expression	up-regulated	362.292650582677
B4GALT1	expression	up-regulated	287.875392508465
B4GALT5	expression	up-regulated	368.162149597014
BBS12	expression	up-regulated	306.178877333251
BCO2	expression	up-regulated	438.411492401334
BEST2	expression	up-regulated	299.285153206241
BFAR	expression	up-regulated	255.821830049477
BTBD11	expression	up-regulated	257.314570116153
C11orf80	expression	up-regulated	386.020301958734
C1orf21	expression	up-regulated	350.180667858324
C1RL	expression	up-regulated	395.303132010116
C3	expression	up-regulated	412.47303810611
C5AR1	expression	up-regulated	354.711272238703
CALCOCO2	expression	up-regulated	408.102036794198
CBLB	expression	up-regulated	374.998902971984
CCDC80	expression	up-regulated	308.333054557416
CCN4	expression	up-regulated	319.596854851564
CD109	expression	up-regulated	283.634694880198
CD59	expression	up-regulated	304.809499572929
CDC42BPB	expression	up-regulated	358.459297020477
CDH1	expression	up-regulated	338.114955240766
CDH16	expression	up-regulated	356.998674440773
CEP70	expression	up-regulated	400.247527463933
CHP1	expression	up-regulated	288.24466142265
CIDEC	expression	up-regulated	345.4808451049
CLASP1	expression	up-regulated	331.751645986974
CLDN7	expression	up-regulated	402.841632703946
CNST	expression	up-regulated	306.336222064798
COL4A5	expression	up-regulated	309.661944888375
COPS8	expression	up-regulated	337.167462896732
COQ8B	expression	up-regulated	247.949431173039
CPB2	expression	up-regulated	361.361372731002
CPS1	expression	up-regulated	365.781538305931
CRYAB	expression	up-regulated	311.984396760197
CUX2	expression	up-regulated	287.322701998878
CYB5A	expression	up-regulated	392.513423883086
CYP4F22	expression	up-regulated	440.599430496785
DHCR24	expression	up-regulated	349.831139990116
DNAJC15	expression	up-regulated	332.017537677648
DOCK4	expression	up-regulated	256.557810164437
DOCK9	expression	up-regulated	324.988848399054
EDN3	expression	up-regulated	276.914594352373
ELOVL5	expression	up-regulated	362.173484309307
EMP1	expression	up-regulated	324.053634301488
EMP2	expression	up-regulated	322.419205318664
ENOX1	expression	up-regulated	281.246841697325
ERGIC1	expression	up-regulated	344.140223909317
FAM222B	expression	up-regulated	212.380236989135
FAM83A	expression	up-regulated	360.343006640083
FARP1	expression	up-regulated	374.902196498905
FBLN5	expression	up-regulated	279.445923527359
FGA	expression	up-regulated	376.296642215061
FGB	expression	up-regulated	363.27108690061
FKBP5	expression	up-regulated	303.101736482091
FRZB	expression	up-regulated	353.157966722827
GGT5	expression	up-regulated	345.83137563307
GLUD1	expression	up-regulated	282.163670476679
GOLPH3	expression	up-regulated	245.141092771526
GPD1L	expression	up-regulated	424.674053826675
GSAP	expression	up-regulated	381.805174759694
GSDME	expression	up-regulated	309.810155430254
HECW2	expression	up-regulated	387.704562162012
HERC3	expression	up-regulated	294.93512404587
HGD	expression	up-regulated	396.336715438773
HLF	expression	up-regulated	366.922239451586
HPCAL1	expression	up-regulated	273.012593114369
HPGD	expression	up-regulated	320.886643866969
HSD11B1	expression	up-regulated	433.553050156
HSD17B4	expression	up-regulated	347.87623403305
IFIT1	expression	up-regulated	372.173739654462
IFNGR1	expression	up-regulated	291.103473753851
IL17RC	expression	up-regulated	369.318618395138
IL1R1	expression	up-regulated	282.918332318956
IQCN	expression	up-regulated	324.162028636385
IQGAP1	expression	up-regulated	246.632881232407
IQGAP2	expression	up-regulated	346.888108673425
ITGB4	expression	up-regulated	366.897906276188
JAK1	expression	up-regulated	312.778195319485
KANK2	expression	up-regulated	373.606500270315
KCNB1	expression	up-regulated	366.304552143634
KIAA1191	expression	up-regulated	291.384401873463
KLF9	expression	up-regulated	268.78368452804
KLHDC4	expression	up-regulated	299.687878612432
KRT18	expression	up-regulated	347.145592015549
KYAT1	expression	up-regulated	287.270760208508
LAMA3	expression	up-regulated	316.449358332461
LEPROT	expression	up-regulated	306.696668248486
LINC00886	expression	up-regulated	334.420769099382
LONP2	expression	up-regulated	334.619731831502
LOX	expression	up-regulated	334.410906769112
LYRM1	expression	up-regulated	444.678024546344
MANBA	expression	up-regulated	389.05215647246
MAOA	expression	up-regulated	436.828120342375
MAP2	expression	up-regulated	343.983824043761
MARVELD1	expression	up-regulated	365.911186185173
MIR3936HG	expression	up-regulated	292.898024334374
MLKL	expression	up-regulated	345.00355332879
MLXIP	expression	up-regulated	340.39718995855
MMD	expression	up-regulated	326.869039714245
MMP28	expression	up-regulated	440.089657438555
MRO	expression	up-regulated	317.901907204369
MROH1	expression	up-regulated	375.332574084048
MSI2	expression	up-regulated	345.71377313115
MT1X	expression	up-regulated	345.674485221716
MUC3A	expression	up-regulated	287.997524784223
NABP1	expression	up-regulated	368.280666288362
NBEAL2	expression	up-regulated	331.073512670924
NBL1	expression	up-regulated	321.243192110035
NEBL	expression	up-regulated	314.472123126507
NFIC	expression	up-regulated	287.294186587418
NNMT	expression	up-regulated	276.692202746157
NPC1	expression	up-regulated	304.650206601031
NRCAM	expression	up-regulated	252.457362656154
OLAH	expression	up-regulated	335.947489083233
OPA3	expression	up-regulated	324.082423894313
OPN3	expression	up-regulated	352.010697053864
OTULINL	expression	up-regulated	283.292396970773
P3H2	expression	up-regulated	372.177991824047
PCSK6	expression	up-regulated	297.467869711873
PDE6A	expression	up-regulated	365.888035699547
PDLIM1	expression	up-regulated	261.361527780959
PEX11B	expression	up-regulated	296.193907733775
PHF20L1	expression	up-regulated	322.106394213712
PHKA1	expression	up-regulated	293.619313000614
PHLDB2	expression	up-regulated	360.93616880437
PIK3C2B	expression	up-regulated	314.150660217922
PITPNC1	expression	up-regulated	367.518763240501
PITPNM2	expression	up-regulated	327.363416092715
PITPNM3	expression	up-regulated	248.960636633018
PKP2	expression	up-regulated	294.605552166935
PLD5	expression	up-regulated	333.445223423436
PLPP1	expression	up-regulated	347.442074581477
PNPO	expression	up-regulated	399.552475865366
PNRC1	expression	up-regulated	269.095642755432
PON2	expression	up-regulated	342.332008143217
PPA1	expression	up-regulated	313.791509123885
PPP1R3C	expression	up-regulated	289.760551845058
PRDX6	expression	up-regulated	327.697645467393
PRKAG2	expression	up-regulated	296.456406188535
PROCR	expression	up-regulated	276.37303806132
PTK2	expression	up-regulated	262.561756630837
PTK2B	expression	up-regulated	366.158771653033
PTK6	expression	up-regulated	308.257106006504
PTPN12	expression	up-regulated	237.143318219155
PTPRM	expression	up-regulated	274.517872460368
PXN	expression	up-regulated	234.640136669909
RALGAPB	expression	up-regulated	271.716779045542
RCL1	expression	up-regulated	332.226167107858
ROCK1	expression	up-regulated	319.527876111533
S100P	expression	up-regulated	372.188429896347
SCARA5	expression	up-regulated	371.660072336657
SCMH1	expression	up-regulated	274.879034455139
SCNN1A	expression	up-regulated	355.020758550103
SCNN1B	expression	up-regulated	359.412556502891
SDK1	expression	up-regulated	342.453959854041
SERPINA3	expression	up-regulated	351.380817792883
SGPP2	expression	up-regulated	409.30719525347
SHC1	expression	up-regulated	311.044519797402
SHROOM3	expression	up-regulated	231.231372556776
SLC2A14	expression	up-regulated	312.224421668633
SLC45A1	expression	up-regulated	282.647991453708
SLC45A4	expression	up-regulated	321.146270617521
SLC7A7	expression	up-regulated	334.631803122829
SLC7A8	expression	up-regulated	338.007080762464
SOCS3	expression	up-regulated	325.226393260042
SPOP	expression	up-regulated	310.780813796868
SPX	expression	up-regulated	331.458333308079
SRGN	expression	up-regulated	324.25670614674
SRSF10	expression	up-regulated	329.84187961152
SSBP2	expression	up-regulated	384.412965821493
STAT1	expression	up-regulated	398.711752282743
STAT4	expression	up-regulated	380.566158151254
STOM	expression	up-regulated	329.599412267784
STRA6	expression	up-regulated	393.522647041972
STXBP5	expression	up-regulated	291.788902775754
TBC1D2B	expression	up-regulated	230.612929672768
TEF	expression	up-regulated	330.191109886352
TGM2	expression	up-regulated	354.36574107063
THOC2	expression	up-regulated	311.167117758107
TMEM150A	expression	up-regulated	299.014465002792
TMEM164	expression	up-regulated	276.294425330571
TMEM245	expression	up-regulated	243.81942790325
TNS2	expression	up-regulated	253.651330420146
TNS4	expression	up-regulated	249.557050090139
TRAM2	expression	up-regulated	293.793862965724
TRIM29	expression	up-regulated	337.026095727502
TRMT61B	expression	up-regulated	409.640478655911
TRNP1	expression	up-regulated	294.472114537596
TTC7A	expression	up-regulated	320.040730685037
TTPAL	expression	up-regulated	263.407051343374
UBAP1	expression	up-regulated	278.8056776004
UBE2E2	expression	up-regulated	235.156060953908
UQCC1	expression	up-regulated	310.692628682722
VCL	expression	up-regulated	349.804937783326
VSIR	expression	up-regulated	241.30327216893
VSTM2L	expression	up-regulated	293.390177324484
WIPI1	expression	up-regulated	315.18393355159
ZBTB16	expression	up-regulated	427.902899653637
ZHX3	expression	up-regulated	258.544014027877
ZNFX1	expression	up-regulated	274.382627265111
